repeat_index,page_index,start_offset_bytes,update_count,first_touch_update,last_touch_update
0,0,0,1139899,0,33554431
0,1,2097152,1055573,11,33554411
0,2,4194304,1066862,12,33554412
0,3,6291456,1043356,74,33554287
0,4,8388608,1053052,13,33554413
0,5,10485760,1045444,137,33554318
0,6,12582912,1045685,199,33554253
0,7,14680064,1036499,75,33554312
0,8,16777216,1053172,14,33554414
0,9,18874368,1036284,2122,33554251
0,10,20971520,1040675,138,33554283
0,11,23068672,1045584,203,33554351
0,12,25165824,1047329,205,33554254
0,13,27262976,1055615,200,33554377
0,14,29360128,1034499,76,33554380
0,15,31457280,1043235,2184,33554313
0,16,33554432,1055573,15,33554415
0,17,35651584,1054645,263,33554286
0,18,37748736,1031634,2123,33554317
0,19,39845888,1038828,2310,33554311
0,20,41943040,1036404,141,33554284
0,21,44040192,1040815,139,33554350
0,22,46137344,1057259,204,33554376
0,23,48234496,1041235,327,33554379
0,24,50331648,1057046,78,33554382
0,25,52428800,1034178,2309,33554316
0,26,54525952,1036544,201,33554349
0,27,56623104,1052910,326,33554378
0,28,58720256,1043895,77,33554381
0,29,60817408,1033839,325,33554216
0,30,62914560,1043235,2187,33554314
0,31,65011712,1053629,2185,33554156
