repeat_index,page_index,label,split_vaddr_hex,attempts,success,error_errno,error_text,anon_hugepages_kb_before,anon_hugepages_kb_after,split_wall_us
0,1743,"random 2 pages",0x00007ffed1a00000,1,1,0,"",8388608,8386560,1695
0,2666,"random 2 pages",0x00007fff45000000,1,1,0,"",8386560,8384512,1648
1,1743,"random 2 pages",0x00007ffed1a00000,2,0,2,"No such file or directory",8384512,8384512,1551
1,2666,"random 2 pages",0x00007fff45000000,2,0,2,"No such file or directory",8384512,8384512,1466
2,1743,"random 2 pages",0x00007ffed1a00000,2,0,2,"No such file or directory",8384512,8384512,1542
2,2666,"random 2 pages",0x00007fff45000000,2,0,2,"No such file or directory",8384512,8384512,1455
3,1743,"random 2 pages",0x00007ffed1a00000,2,0,2,"No such file or directory",8384512,8384512,1572
3,2666,"random 2 pages",0x00007fff45000000,2,0,2,"No such file or directory",8384512,8384512,1466
4,1743,"random 2 pages",0x00007ffed1a00000,2,0,2,"No such file or directory",8384512,8384512,1551
4,2666,"random 2 pages",0x00007fff45000000,2,0,2,"No such file or directory",8384512,8384512,1461
