page_index,label
0,hot 100 pages
1023,hot 100 pages
1,hot 100 pages
512,hot 100 pages
438,hot 100 pages
731,hot 100 pages
877,hot 100 pages
556,hot 100 pages
88,hot 100 pages
395,hot 100 pages
790,hot 100 pages
2,hot 100 pages
256,hot 100 pages
768,hot 100 pages
3,hot 100 pages
354,hot 100 pages
709,hot 100 pages
177,hot 100 pages
546,hot 100 pages
136,hot 100 pages
4,hot 100 pages
273,hot 100 pages
77,hot 100 pages
750,hot 100 pages
887,hot 100 pages
5,hot 100 pages
68,hot 100 pages
8,hot 100 pages
955,hot 100 pages
787,hot 100 pages
550,hot 100 pages
384,hot 100 pages
640,hot 100 pages
376,hot 100 pages
12,hot 100 pages
128,hot 100 pages
975,hot 100 pages
482,hot 100 pages
862,hot 100 pages
154,hot 100 pages
753,hot 100 pages
964,hot 100 pages
905,hot 100 pages
619,hot 100 pages
431,hot 100 pages
896,hot 100 pages
215,hot 100 pages
552,hot 100 pages
700,hot 100 pages
514,hot 100 pages
919,hot 100 pages
487,hot 100 pages
477,hot 100 pages
69,hot 100 pages
309,hot 100 pages
81,hot 100 pages
370,hot 100 pages
828,hot 100 pages
6,hot 100 pages
7,hot 100 pages
162,hot 100 pages
459,hot 100 pages
960,hot 100 pages
325,hot 100 pages
59,hot 100 pages
243,hot 100 pages
741,hot 100 pages
926,hot 100 pages
11,hot 100 pages
320,hot 100 pages
832,hot 100 pages
64,hot 100 pages
1020,hot 100 pages
650,hot 100 pages
672,hot 100 pages
704,hot 100 pages
511,hot 100 pages
1022,hot 100 pages
146,hot 100 pages
192,hot 100 pages
38,hot 100 pages
24,hot 100 pages
185,hot 100 pages
176,hot 100 pages
276,hot 100 pages
118,hot 100 pages
51,hot 100 pages
17,hot 100 pages
352,hot 100 pages
518,hot 100 pages
814,hot 100 pages
48,hot 100 pages
32,hot 100 pages
25,hot 100 pages
29,hot 100 pages
1008,hot 100 pages
544,hot 100 pages
448,hot 100 pages
736,hot 100 pages
34,hot 100 pages
